icao,name,manufacturer,type,wtc,recat_eu,mtow_kg,cruise_tas_kt,cruise_mach,cruise_range_nm,cruise_ceiling_fl,wing_span_m,length_m,height_m,pax
A124,An124 Ruslan,ANTONOV,L4J,H,Super Heavy,405000,430,0.78,3200,390,73.3,69.1,21.1,92
A19N,A319neo,AIRBUS,L2J,M,Upper Medium,75500,450,0.78,3750,390,35.8,33.84,11.76,162
A20N,A320neo,AIRBUS,L2J,M,Upper Medium,79000,450,0.78,3500,390,35.8,37.57,11.76,196
A21N,A321neo,AIRBUS,L2J,M,Upper Medium,97000,450,0.78,4000,390,35.8,44.51,11.76,246
A306,A-300-600,AIRBUS,L2J,H,Lower Heavy,171700,470,0.79,4150,370,44.84,54.1,16.54,300
A310,A-310,AIRBUS,L2J,H,Lower Heavy,150000,480,0.8,5100,400,43.9,46.66,15.8,249
A318,A318,AIRBUS,L2J,M,Upper Medium,59000,460,0.79,1500,390,34.1,31.45,12.56,119
A319,A319,AIRBUS,L2J,M,Upper Medium,64000,450,0.79,1800,390,34.1,33.84,11.76,144
A320,A320,AIRBUS,L2J,M,Upper Medium,73900,450,0.79,2700,390,34.1,37.57,11.76,182
A321,A321,AIRBUS,L2J,M,Upper Medium,83000,450,0.79,2350,410,34.1,44.51,11.76,222
A332,A330-200,AIRBUS,L2J,H,Upper Heavy,230000,470,0.81,6750,410,60.3,58.8,17.4,295
A333,A330-300,AIRBUS,L2J,H,Upper Heavy,230000,475,0.81,5650,410,60.3,63.6,16.85,337
A338,A330-800,AIRBUS,L2J,H,Upper Heavy,251000,475,0.81,8150,410,64,58.82,17.39,408
A339,A330-900,AIRBUS,L2J,H,Upper Heavy,251000,475,0.81,7200,410,64,63.66,16.79,442
A342,A340-200,AIRBUS,L4J,H,Upper Heavy,275000,490,0.82,8000,410,60.3,59.39,16.7,302
A343,A340-300,AIRBUS,L4J,H,Upper Heavy,275000,490,0.82,7200,410,60.3,63.6,16.85,337
A345,A340-500,AIRBUS,L4J,H,Upper Heavy,368000,480,0.82,8800,410,63.45,67.9,17.1,361
A346,A340-600,AIRBUS,L4J,H,Upper Heavy,368000,480,0.82,7750,410,63.45,75.3,17.3,421
A359,A350-900 XWB,AIRBUS,L2J,H,Upper Heavy,268000,490,0.85,8100,430,64.8,66.9,17.05,477
A35K,A350-1000 XWB,AIRBUS,L2J,H,Upper Heavy,319000,490,0.85,8700,410,64.75,73.79,17.08,482
A388,A-380-800,AIRBUS,L4J,J,Super Heavy,560000,520,0.85,8000,430,79.8,73,24.1,855
A3ST,A300ST Beluga,AIRBUS,L2J,H,Lower Heavy,155000,400,0.69,2500,310,44.8,56.2,17.2,2
A4,Skyhawk,McDonnell Douglas Corporation (United States),L1J,M,Light,11136,580,0.88,1700,420,8.4,12.2,4.6,NA
A400,A-400M Atlas,AIRBUS,L4T,H,Lower Heavy,141000,422,0.72,1800,400,42.4,43.8,14.6,119
AC11,112 Commander 112,COMMANDER,L1P,L,Light,1480,150,NA,750,160,10,7.6,2.6,5
AJET,Alpha Jet,DASSAULT,L2J,M,Light,7000,500,0.83,1200,480,9.1,12.3,4.2,2
AN12,An12,ANTONOV,L4T,M,Upper Medium,61000,310,NA,2100,330,38,33,10.5,95
AN26,An26,ANTONOV,L2T,M,Lower Medium,24000,235,NA,600,260,29.2,23.8,8.6,45
AN28,An28,PZL-MIELEC,L2T,L,Light,6500,170,NA,550,200,22.1,13,4.6,22
AN30,An-30,ANTONOV,L2T,M,Lower Medium,21800,235,NA,1400,270,29.2,24.3,8.3,54
AS32,Super Puma,EUROCOPTER,H2T,M,Light,9350,140,NA,460,170,16.2,16.79,4.97,21
ASTR,Gulfstream G100,Israel Aerospace Industries (IAI),L2J,M,Light,11180,470,0.83,2500,450,16.1,16.9,5.5,11
AT43,ALENIA ATR-42-300/320,ATR,L2T,M,Lower Medium,16700,255,NA,1700,250,24.6,22.7,7.6,52
AT45,ALENIA ATR-42-500,ATR,L2T,M,Lower Medium,18600,300,NA,1000,260,24.6,22.7,7.6,52
AT72,ALENIA ATR-72,ATR,L2T,M,Lower Medium,21500,275,NA,1500,250,27.1,27.2,7.7,74
AT75,ATR-72-500,ATR,L2T,M,Lower Medium,23000,280,NA,825,250,27.05,27.17,7.65,80
ATLA,1150 Atlantic,BREGUET,L2T,M,Upper Medium,43500,275,NA,2200,320,36.3,31.7,11.3,12
B190,1900 (C-12J),RAYTHEON,L2T,M,Light,7690,270,NA,1500,250,17.7,17.6,4.7,20
B350,B300 Super King Air 350,HAWKER BEECHCRAFT,L2T,L,Light,6800,300,0.47,1800,350,17.7,14.2,4.4,15
B38M,BOEING 737 MAX 8,BOEING,L2J,M,Upper Medium,82600,453,0.79,3550,410,35.9,39.52,12.29,212
B39M,BOEING 737 MAX 9,BOEING,L2J,M,Upper Medium,88300,453,0.79,3550,410,35.9,42.16,12.29,222
B52,B-52 Stratofortress,BOEING,L8J,H,Special,221350,415,0.75,8600,470,56.4,48.03,12.4,5
B703,707-300,BOEING,L4J,H,Lower Heavy,150800,470,0.8,5000,390,44.4,46.6,12.9,223
B733,737-300,BOEING,L2J,M,Lower Medium,56470,429,0.74,1600,370,28.9,33.4,11.1,151
B734,737-400,BOEING,L2J,M,Lower Medium,62820,430,0.74,2100,370,28.9,36.4,11.1,170
B735,737-500,BOEING,L2J,M,Lower Medium,52390,430,0.74,1600,370,28.9,31,11.1,140
B736,737-600,BOEING,L2J,M,Upper Medium,56240,460,0.78,3200,410,34.3,31.2,12.6,134
B737,737-700,BOEING,L2J,M,Upper Medium,66320,460,0.78,2500,410,34.3,33.6,12.6,151
B738,737-800,BOEING,L2J,M,Upper Medium,70530,460,0.79,2000,410,34.3,39.2,12.6,164
B739,737-900,BOEING,L2J,M,Upper Medium,79015,460,0.78,2745,410,34.3,42.1,12.5,191
B742,747-200,BOEING,L4J,H,Upper Heavy,374850,495,0.83,6857,450,59.6,70.7,19.3,455
B744,747-400,BOEING,L4J,H,Upper Heavy,396890,510,0.85,7260,450,64.8,70.6,19.4,526
B748,Boeing 747-8,BOEING,L4J,H,Upper Heavy,442250,510,0.86,4390,430,68.5,76.3,19.4,469
B752,757-200,BOEING,L2J,M,Lower Heavy,115680,470,0.8,3900,420,38.1,47.3,13.6,230
B753,757-300,BOEING,L2J,M,Lower Heavy,123600,490,0.8,3395,410,38.1,54.5,13.6,282
B762,767-200ER,BOEING,L2J,H,Lower Heavy,179170,470,0.8,6600,450,47.6,48.5,15.9,257
B763,767-300ER,BOEING,L2J,H,Lower Heavy,186880,460,0.8,6105,450,47.6,54.9,15.9,353
B764,767-400,BOEING,L2J,H,Lower Heavy,204120,460,0.8,5645,450,51.9,61.4,16.8,377
B772,BOEING 777-200,BOEING,L2J,H,Upper Heavy,247210,480,0.84,5210,430,60.9,63.7,18.4,442
B773,BOEING 777-300,BOEING,L2J,H,Upper Heavy,299370,490,0.84,5955,430,60.9,73.9,18.5,552
B77L,Boeing 777-200LR,BOEING,L2J,H,Upper Heavy,347500,490,0.84,9380,431,64.8,63.7,18.6,442
B77W,BOEING 777-300ER,BOEING,L2J,H,Upper Heavy,351500,490,0.84,7930,430,64.8,73.9,18.5,367
B788,787-8 Dreamliner,BOEING,L2J,H,Upper Heavy,228000,470,0.85,8000,430,52,56.7,16.9,252
B789,787-9 Dreamliner,BOEING,L2J,H,Upper Heavy,254011,490,0.85,7565,430,60.12,62.8,16.9,422
B78X,787-10 Dreamliner,BOEING,L2J,H,Upper Heavy,254011,488,0.86,6430,410,60.12,68.3,16.9,442
BCS1,Airbus A220-100,AIRBUS,L2J,M,Lower Medium,63100,445,0.78,3400,410,35.1,35,11.5,137
BCS3,AIRBUS A-220-300,AIRBUS,L2J,M,Lower Medium,69900,445,0.78,3350,410,35.1,38.7,11.5,162
BE20,King Air 200,HAWKER BEECHCRAFT,L2T,L,Light,5670,260,0.48,1600,350,16.6,13.4,4.5,16
BE33,"33 Debonair,Bonanza (E-24)",BEECH,L1P,L,Light,1390,160,NA,700,170,10.2,7.8,2.5,4
BE36,36 Bonanza (piston),HAWKER BEECHCRAFT,L1P,L,Light,1650,160,NA,850,180,8.4,8.1,2.6,7
BE40,Beechjet 400,HAWKER BEECHCRAFT,L2J,M,Light,7300,420,0.8,1500,450,13.3,14.8,4.2,10
BE55,55 Baron,BEECH,L2P,L,Light,2300,180,NA,900,200,11.5,8.5,2.9,5
BE58,58 Baron,HAWKER BEECHCRAFT,L2P,L,Light,2500,175,NA,1000,200,11.5,9.1,2.97,6
BE76,76 Duchess,BEECH,L2P,L,Light,1770,140,NA,750,200,11.6,8.9,2.9,4
BE9L,King Air 90,HAWKER BEECHCRAFT,L2T,L,Light,4581,220,0.39,1150,290,15.3,10.8,4.3,5
BN2T,"BN-2T Turbine Islander, Turbine Defender",PILATUS BRITTEN-NORMAN,L2T,L,Light,3175,145,NA,830,230,15,10.9,4.2,9
C130,HERCULES,LOCKHEED,L4T,M,Upper Medium,70310,290,0.57,2700,300,40.4,29.8,11.8,94
C17,C-17 Globemaster 3,BOEING,L4J,H,Lower Heavy,265350,460,0.76,5000,450,51.8,53,16.8,107
C172,172 Skyhawk,CESSNA,L1P,L,Light,1050,115,NA,430,130,10.9,8.2,2.7,4
C182,"182,Skylane",CESSNA,L1P,L,Light,1270,140,NA,550,180,11,8.6,2.8,4
C2,C-2 Greyhound,GRUMMAN,L2T,M,Lower Medium,24687,240,NA,1200,280,24.6,17.6,5.6,41
C206,206 (CESSNA),CESSNA,L1P,L,Light,1650,140,NA,560,170,10.9,8.6,3,6
C208,"208 Caravan 1,(Super)Cargomaster",CESSNA,L1T,L,Light,3629,160,NA,1000,260,15.9,11.5,4.3,15
C25A,525A Citation CJ2,CESSNA,L2J,L,Light,5670,418,0.64,1781,410,15.19,14.53,4.27,10
C25B,525B Citation CJ3,CESSNA,L2J,L,Light,6291,415,0.73,2040,450,16.26,15.59,4.2,9
C25C,525C Citation CJ4,CESSNA,L2J,M,Light,7761,450,0.74,1920,450,15.49,16.26,4.2,10
C25M,525 Citation M2,CESSNA,L2J,L,Light,4853,400,0.69,1300,410,14.39,12.98,4.2,8
C303,AVIONES COLOMBIA T303,CESSNA,L2P,L,Light,2340,180,NA,800,250,11.9,9.3,4.1,6
C30J,C-130J Hercules,LOCKHEED MARTIN,L4T,M,Upper Medium,70300,330,0.58,2835,330,40.4,29.8,11.84,NA
C310,"310,T310 (U-3,L-27)",CESSNA,L2P,L,Light,2494,175,NA,500,200,11.3,9.7,3.3,6
C340,340 (CESSNA),CESSNA,L2P,L,Light,2710,210,NA,1200,265,11.6,10.5,3.8,6
C414,"414,Chancellor",CESSNA,L2P,L,Light,3060,230,NA,1100,310,12.5,10.3,3.6,7
C421,"421,Executive Commuter",CESSNA,L2P,L,Light,3100,200,NA,1000,310,12.2,10.3,3.6,7
C425,"425 Corsair,Conquest 1",CESSNA,L2T,L,Light,3900,240,NA,1250,310,13.5,10.9,3.9,7
C441,"441 Conquest,Conquest 2",CESSNA,L2T,L,Light,4470,280,NA,1200,310,15,11.9,4,10
C525,"525 CitationJet, Citation CJ1",CESSNA,L2J,L,Light,4717,370,0.63,1485,410,14.3,13,4.2,6
C550,550 Citation 2,CESSNA,L2J,L,Light,6850,360,0.63,1900,430,15.9,14.4,4.6,12
C560,560 Citation 5 Ultra Encore,CESSNA,L2J,M,Light,7210,430,0.73,2000,450,13.8,14.9,4.2,10
C56X,560XL Citation Excel,CESSNA,L2J,M,Light,8709,430,0.73,2000,450,17,15.8,5.2,11
C650,650 Citation 3/6/7,CESSNA,L2J,M,Light,14060,470,0.8,2200,510,16.31,16.9,5.11,11
C680,Citation Sovereign,CESSNA,L2J,M,Light,13743,460,0.79,2800,470,19.24,19.37,6.2,14
C750,750 Citation 10,CESSNA,L2J,M,Lower Medium,16193,550,0.9,3250,510,19.5,22,5.8,14
CL2T,CANADAIR CL-415 SuperScooper,CANADAIR,A2T,M,Lower Medium,19890,180,NA,1000,180,28.63,19.82,8.98,34
CL30,BD-100 Challenger 300,Bombardier Aerospace (Canada),L2J,M,Lower Medium,17622,470,0.81,3065,450,18.4,20.9,6.1,12
CL35,BD-100 Challenger 350,Bombardier Aerospace (Canada),L2J,M,Lower Medium,18416,455,0.8,3200,450,21,20.9,6.1,11
CL60,Canadair Challenger,CANADAIR,L2J,M,Lower Medium,19550,460,0.75,3350,410,19.6,20.85,6.3,21
CN35,AIRTECH CN-235 MP Persuader,AIRTECH (2),L2T,M,Lower Medium,15100,210,NA,2500,265,25.8,21.4,8.2,47
CRJ2,CANADAIR RJ-200 Regional Jet,CANADAIR,L2J,M,Lower Medium,21523,420,0.74,1000,410,21.21,26.8,6.3,52
CRJ9,CRJ Series CRJ900,Bombardier Aerospace (Canada),L2J,M,Lower Medium,38330,450,0.78,1550,410,24.9,36.2,7.5,92
CRJX,CRJ 1000,Bombardier Aerospace (Canada),L2J,M,Lower Medium,40824,440,0.78,1345,410,26.18,39.13,7.5,106
D228,228 (DORNIER),FAIRCHILD-DORNIER,L2T,L,Light,6400,210,NA,1000,280,16.97,16.56,4.86,21
D328,328 (DORNIER),FAIRCHILD-DORNIER,L2T,M,Light,13990,310,0.54,1000,310,20.98,21.11,7.24,41
DA40,Diamond,Diamond Aircraft Industries (Canada/Austria),L1P,L,Light,1200,130,0,830,160,11.63,8.06,1.97,4
DA42,Diamond Twinstar,Diamond Aircraft Industries (Canada/Austria),L2P,L,Light,1650,180,0,1061,180,13.42,8.56,2.49,4
DA50,SuperStar/Magnum,Diamond Aircraft Industries (Canada/Austria),L2P,L,Light,1200,180,NA,1000,200,11.7,8.8,2.2,5
DH8A,CC-142,DE HAVILLAND CANADA,L2T,M,Lower Medium,15650,250,NA,1000,250,25.9,22.3,7.5,39
DH8C,Dash 8 Q300,BOMBARDIER,L2T,M,Lower Medium,18642,250,NA,1000,250,27.4,25.7,7.5,52
DH8D,Dash 8 Q400,BOMBARDIER,L2T,M,Lower Medium,28998,360,NA,1300,250,28.4,32.8,8.3,80
DHC6,CC-138,DE HAVILLAND CANADA,L2T,L,Light,5670,160,NA,900,260,19.8,15.1,5.9,21
DR40,Cadet,ROBIN,L1P,L,Light,1100,140,NA,450,150,8.7,7,2.2,5
E120,Brasilia,EMBRAER,L2T,M,Light,12000,290,0.45,1600,290,19.8,20,6.4,32
E121,EC-9,EMBRAER,L2T,L,Light,5670,235,NA,900,260,14.5,12.3,4.7,9
E135,EMBRAER ERJ-135,EMBRAER,L2J,M,Lower Medium,19990,320,0.76,1200,370,20.2,26.3,6.7,37
E145,EMB-145,EMBRAER,L2J,M,Lower Medium,21198,440,0.76,1200,370,20.2,29.8,6.7,51
E170,Embraer 170,EMBRAER,L2J,M,Lower Medium,35995,460,0.78,2100,410,26,29.9,9.85,82
E190,Embraer 190,EMBRAER,L2J,M,Lower Medium,45995,460,0.78,2400,410,28.7,36.2,10.6,116
E195,Embraer 195,EMBRAER,L2J,M,Lower Medium,52290,447,0.78,2300,410,28.7,38.65,10.55,126
E2,Daya,GRUMMAN,L2T,M,Lower Medium,23850,290,NA,1500,370,24.6,17.6,5.6,5
E3CF,E-3D Sentry,BOEING,L4J,H,Lower Heavy,151955,420,0.73,5000,430,44.4,46.6,12.6,23
E3TF,E-3 Sentry,BOEING,L4J,H,Lower Heavy,156000,420,0.74,4000,290,44.4,46.6,12.7,23
E50P,Embraer 500 Phenom 100,EMBRAER,L2J,L,Light,4750,370,0.7,1200,410,12.3,12.8,4.4,7
E55P,Embraer 505 Phenom 300,EMBRAER,L2J,M,Light,7951,450,0.77,1970,450,16.2,15.9,5,10
EC35,EUROCOPTER EC-135,EUROCOPTER,H2T,L,Light,2950,135,NA,340,200,10.2,12.16,3.51,8
EH10,AW101 Merlin,AgustaWestland,L3T,M,Light,15600,150,NA,570,150,18.6,22.83,6.66,32
EUFI,Eurofighter Typhoon,EUROFIGHTER,L2J,M,Lower Medium,23500,480,0.86,1000,650,10.95,15.96,5.28,2
F100,100 (FOKKER),FOKKER,L2J,M,Lower Medium,43390,405,0.73,3100,350,28.1,35.5,8.5,124
F16,F-16 Fighting Falcon,LOCKHEED,L1J,M,Light,14970,480,0.86,2000,500,10,15,5.1,2
F18,F-18 Hornet,BOEING,L2J,M,Lower Medium,25400,495,0.86,1700,500,12.3,17.1,4.7,2
F2TH,DASSAULT Falcon 2000,DASSAULT,L2J,M,Lower Medium,16240,470,0.82,3000,470,19.3,20.2,7.1,21
F35,F-35 Lightning II,Lockheed Martin Corporation (United States),L1J,M,Lower Medium,31751,520,0.86,1500,500,11,15.7,4.4,1
F4,F-4 Phantom 2,MCDONNELL DOUGLAS,L2J,M,Lower Medium,28000,480,0.86,1200,590,11.7,17.8,5.1,2
F406,Caravan 2,REIMS,L2T,L,Light,4200,240,NA,1000,300,15.1,11.9,4,9
F50,"FOKKER 50,Maritime Enforcer",FOKKER,L2T,M,Lower Medium,20820,240,NA,1900,250,29,25.2,8.3,60
F900,DASSAULT-BREGUET Falcon 900,DASSAULT,L3J,M,Lower Medium,21200,510,0.85,4500,510,19.3,20.2,7.6,20
FA10,Falcon 10/100,DASSAULT,L2J,M,Light,8500,490,0.83,1900,420,13.08,13.86,4.61,10
FA20,DASSAULT-BREGUET Falcon 20/200,DASSAULT,L2J,M,Light,13160,420,0.76,2300,420,16.3,17.2,5.3,10
FA50,DASSAULT-BREGUET T-16,DASSAULT,L3J,M,Lower Medium,18500,480,0.82,3500,490,18.86,18.52,6.97,14
FA7X,Falcon 7X,DASSAULT,L3J,M,Lower Medium,31298,580,0.9,5950,510,26.21,23.19,7.8,21
G150,Gulfstream 150,Gulfstream Aerospace Corporation (United States),L2J,M,Light,11839,460,0.8,3000,450,16.94,17.3,5.82,10
G280,Gulfstream G280,Gulfstream Aerospace Corporation (United States),L2J,M,No code,17962,472,0.83,3600,450,19.2,20.37,6.5,12
GALX,Gulfstream G200,Israel Aerospace Industries (IAI),L2J,M,Lower Medium,15808,470,0.81,3300,450,17.7,19,6.5,20
GL5T,BD-700 Global 5000,Bombardier Aerospace (Canada),L2J,M,Lower Medium,41957,485,0.85,5200,510,28.65,29.5,7.7,21
GLEX,Global Express,BOMBARDIER,L2J,M,Lower Medium,44500,490,0.85,6300,510,28.6,30.3,7.6,20
GLF4,Gulfstream 4,GULFSTREAM AEROSPACE,L2J,M,Lower Medium,33200,450,0.8,4600,450,23.7,26.9,7.4,28
GLF5,Gulfstream 5,GULFSTREAM AEROSPACE,L2J,M,Lower Medium,41136,480,0.85,5800,510,28.5,29.4,7.9,21
H25B,Hawker 750 / 850 / 900,HAWKER BEECHCRAFT,L2J,M,Light,12700,400,0.75,2190,410,16.6,15.6,5.5,16
H25C,BAe-125-1000,RAYTHEON,L2J,M,Light,14060,450,0.76,3100,430,15.7,16.4,5.2,17
H60,Sikorsky S-70A,Sikorsky Aircraft Division of United Aircraft Corporation (United States),H2T,M,Light,10660,150,NA,1200,190,16.36,19.76,5.13,15
HDJT,HA-420 HondaJet,HONDA,L2J,L,Light,4519,410,0.72,1547,430,12.15,12.71,4.03,6
IL62,Il-62,ILYUSHIN,L4J,H,Lower Heavy,165000,460,0.82,5200,390,43.2,53.1,12.4,200
IL76,Candid,ILYUSHIN,L4J,H,Lower Heavy,170000,430,0.74,2500,390,50.5,46.6,14.8,7
IL96,Il-96,ILYUSHIN,L4J,H,Upper Heavy,250000,470,0.83,6900,390,60.11,55.3,17.5,377
J328,328JET,FAIRCHILD-DORNIER,L2J,M,Lower Medium,15660,350,0.66,2000,350,20.98,21.3,7.2,34
JS32,Jetstream 32,BAE SYSTEMS,L2T,M,Light,7360,235,NA,850,250,15.85,14.36,5.38,21
JS41,Jetstream 41,BAE SYSTEMS,L2T,M,Light,10886,290,NA,1000,260,18.42,19.33,5.61,31
K35R,KC-135 Stratotanker,BOEING,L4J,H,Lower Heavy,146285,440,0.85,7500,500,39.9,41.5,12.7,4
L410,AYRES L-410/420 Turbolet,Let AS,L2T,L,Light,6400,200,NA,600,210,20,14.4,5.8,21
LJ31,31 (LEARJET),LEARJET,L2J,M,Light,7030,450,0.77,1500,510,13.3,14.8,3.8,10
LJ35,"35,36 (LEARJET)",LEARJET,L2J,M,Light,8300,440,0.77,2100,410,12,14.8,3.7,10
LJ40,Learjet 40,Bombardier Aerospace (Canada),L2J,M,Light,9545,450,0.79,1692,510,14.56,16.93,4.31,9
LJ45,45 (LEARJET),LEARJET,L2J,M,Light,9230,450,0.77,2100,450,14.6,17.6,4.3,10
LJ55,LEARJET 55,LEARJET,L2J,M,Light,9530,400,0.76,2500,510,13.3,16.8,4.5,10
LJ60,60 (LEARJET),LEARJET,L2J,M,Light,10659,455,0.78,2400,510,13.4,17.9,4.5,12
M20P,MOONEY,MOONEY,L1P,L,Light,1170,237,NA,1445,250,11.1,8.15,2.5,4
M20T,Bravo (M-20K),MOONEY,L1P,L,Light,1526,200,NA,1000,250,11,8.2,2.5,4
M339,AERMACCHI MB-339,AERMACCHI,L1J,L,Light,6350,350,0.76,1050,450,11.2,11.25,3.95,2
M600,PA-46-600TP M600,PIPER,L1T,L,Light,2722,270,0.44,1658,300,13.1,9,3.4,6
MD11,MD-11,MCDONNELL DOUGLAS,L3J,H,Lower Heavy,285990,500,0.83,7100,410,51.7,61.2,17.6,412
MD82,MD-82,MCDONNELL DOUGLAS,L2J,M,Upper Medium,67812,440,0.76,2052,370,32.8,45.1,9.05,174
MD83,MD-83,MCDONNELL DOUGLAS,L2J,M,Upper Medium,73028,440,0.76,2504,370,32.8,45.1,9.05,174
MD87,MD-87,MCDONNELL DOUGLAS,L2J,M,Upper Medium,67800,440,0.76,2500,370,32.9,39.7,9.3,141
MI2,Mil Mi-2 Hoplite,PZL-SWIDNIK,H2T,L,Light,3700,100,NA,230,130,14.5,11.4,3.75,NA
MI8,Mil Mi-8 Hip,Kazan Helicopter Plant JSC (Russia),H2T,M,Light,12000,120,NA,240,145,21.29,18.17,5.65,31
MIR2,Mirage 2000,DASSAULT,L1J,M,Lower Medium,17000,505,0.86,1000,540,9.1,14.4,5.2,2
MU2,LR-1,MITSUBISHI,L2T,L,Light,4050,280,NA,1100,290,11.9,10.1,3.9,8
NH90,NH90,NH Industries SARL (France/Germany/Italy),H2T,M,Light,10600,150,NA,497,200,16.3,16.13,5.23,22
P180,Avanti,PIAGGIO,L2T,L,Light,5240,300,0.65,1400,410,14,14.4,3.9,10
P28A,"PA-28-140/161 Archer,Cherokee",PIPER,L1P,L,Light,1100,110,NA,500,120,10.7,7.2,2.25,4
P28R,"AICSA PA-28R Cherokee Arrow,Turbo Arrow 3",PIPER,L1P,L,Light,1130,140,NA,700,120,9.1,7.4,2.4,4
P28T,PA-28RT Turbo Arrow 4,PIPER,L1P,L,Light,1320,160,NA,700,200,10.8,8.3,2.5,4
P3,Orion,Lockheed Martin Corporation (United States),L4T,M,Lower Medium,61235,330,0.68,3800,280,30.37,35.61,10.27,21
P46T,Malibu Meridian,PIPER,L1T,L,Light,2200,220,0.41,1000,300,13.1,9,3.5,6
PA31,Chieftain,PIPER,L2P,L,Light,2950,210,NA,890,240,12.4,9.9,4,10
PA32,Cherokee Six,PIPER,L1P,L,Light,1640,150,NA,700,160,10,8.4,2.9,7
PA34,Seneca,PIPER,L2P,L,Light,2100,160,NA,980,190,11.9,8.7,3,6
PA38,AICSA PA-38 Tomahawk,PIPER,L1P,L,Light,760,95,NA,450,110,10.4,7,2.8,2
PA44,AICSA PA-44 Seminole,PIPER,L2P,L,Light,1720,160,NA,800,180,11.8,8.4,2.6,4
PA46,Malibu,PIPER,L1P,L,Light,1950,200,0.41,1000,250,13.1,8.7,3.5,6
PAY2,Cheyenne 2,PIPER,L2T,L,Light,4080,215,NA,1480,290,13,10.5,3.9,8
PAY3,Cheyenne 3,PIPER,L2T,L,Light,5080,280,NA,2270,350,14.5,13.2,4.5,10
PC12,PC-12,PILATUS,L1T,L,Light,4500,270,NA,2000,300,16.2,14.4,4.3,11
PC6T,Chiricahua,PILATUS,L1T,L,Light,2770,130,NA,850,250,15.9,10.9,3.2,12
PC9,"BEECH PD-373 Beech, PC-9",PILATUS,L1T,L,Light,3200,300,NA,860,380,10.1,10.7,3.3,2
PRM1,390 Premier 1,HAWKER BEECHCRAFT,L2J,L,Light,5670,440,0.78,1360,410,13.56,14.02,4.67,7
R135,RC-135,BOEING,L4J,H,Lower Heavy,146000,480,0.77,3000,500,39.9,41.5,12.7,27
RJ1H,AVRO RJ-100 Avroliner,BAE SYSTEMS,L4J,M,Lower Medium,46020,420,0.68,1100,310,26.34,31,8.61,130
S61,Sea King S-61,Sikorsky Aircraft Division of United Aircraft Corporation (United States),H2T,M,Light,8620,120,NA,450,125,17.96,18.9,5.32,32
S76,Sikorsky S-76,Sikorsky Aircraft Division of United Aircraft Corporation (United States),H2T,L,Light,5307,150,NA,410,138,13.41,16,4.42,15
SB20,2000 (SAAB),SAAB,L2T,M,Lower Medium,21000,360,0.6,1200,310,24.8,27.3,7.7,60
SF34,340 (SAAB),SAAB,L2T,M,Light,12900,250,0.45,930,250,21.4,19.7,7,36
SR20,Cirrus SR20,Cirrus Design Corporation (United States),L1P,L,Light,1361,155,NA,785,175,11.68,7.92,2.7,5
SR22,Cirrus SR22,Cirrus Design Corporation (United States),L1P,L,Light,1633,180,NA,1049,175,11.68,7.92,2.72,4
SU25,Su-25,SUKHOI,L2J,M,Lower Medium,20500,350,0.75,800,220,14.5,15.4,5.2,2
SU95,Superjet 100,SUKHOI,L2J,M,Lower Medium,45880,450,0.78,3048,410,27.8,29.94,10.28,105
SW3,"FAIRCHILD (1) SA-227TT Merlin 3,Fairchild 300",SWEARINGEN,L2T,L,Light,5700,260,0.46,2200,270,14.1,12.9,5.1,12
SW4,Metro 23,Fairchild Swearingen Corporation (United States),L2P,M,Light,7257,270,NA,575,250,17.37,18.09,5.08,21
T154,Tu-154,TUPOLEV,L3J,M,Upper Medium,100000,475,0.82,1700,410,37.5,48,11.4,184
T204,Tu-204/214/224/234,TUPOLEV,L2J,M,Upper Medium,103000,450,0.79,5000,380,42,41,13.9,214
TAMP,"SOCATA TB-9 Tampico, Sprint",SOCATA,L1P,L,Light,1060,120,NA,450,130,9.9,7.7,3,4
TBM7,SOCATA TBM-700,SOCATA,L1T,L,Light,3000,290,0.46,900,300,12.2,10.4,4.2,6
TBM8,DAHER TBM-850,SOCATA,L1T,L,Light,3353,300,0.67,1520,310,12.2,10.4,4.2,7
TOBA,SOCATA TB-10/200 Tobago,SOCATA,L1P,L,Light,1150,100,NA,530,130,9.9,7.7,3,4
TOR,PANAVIA Tornado,PANAVIA,L2J,M,Lower Medium,28000,420,0.9,1600,500,13.9,18.7,6,2
A139,AW-139,AGUSTAWESTLAND,H2T,L,NA,6000,157,NA,400,120,13.8,13.53,4.95,NA
A169,AW-169,AGUSTAWESTLAND,H2T,NA,NA,4500,150,NA,500,NA,12.12,14.65,4.5,NA
A189,AW-189,AGUSTAWESTLAND,H2T,NA,NA,8300,155,NA,490,NA,14.6,17.6,5.06,NA
A337,A-330-700 Beluga XL,AIRBUS,L2J,H,NA,227000,400,NA,2300,350,60.3,63.1,18.9,NA
AC90,Turbo Commander 690,NORTH AMERICAN ROCKWELL,L2T,L,NA,4600,250,NA,740,290,14.95,11.22,4.56,NA
AS50,AS-350 Ecureuil,AEROSPATIALE,H2T,L,NA,2100,125,NA,410,160,10.69,12.93,3.03,NA
AS65,AS-365 Dauphin 2,AEROSPATIALE,H2T,L,NA,3000,148,NA,367,155,11.5,13.2,3.5,NA
AT46,ATR-42-600,ATR,L2T,M,NA,18600,300,NA,716,260,24.57,22.67,7.59,NA
AT73,ATR-72-210,ATR,L2T,M,NA,21500,279,NA,805,250,27.05,27.17,7.65,NA
AT76,ATR-72-600,ATR,L2T,M,NA,23000,275,NA,825,250,27.05,27.17,7.65,NA
B429,B-429,BELL,H2T,NA,NA,3175,150,NA,390,200,10.97,12.7,4.04,NA
BE30,300 Super King Air,BEECH,L2T,L,NA,6300,315,NA,1960,350,16.61,13.34,4.57,NA
BER2,Be-200 Altair,BERIEV,A2J,M,NA,37900,348,NA,1300,260,32.8,32,8.9,NA
BN2P,BN-2 Islander,BRITTEN-NORMAN,L2P,L,NA,2994,139,NA,756,132,14.94,10.86,4.18,NA
C10T,P210 (turbine),CESSNA,L1T,L,NA,1814,193,NA,900,270,11.2,8.59,2.95,NA
C27J,C-27J Spartan,ALENIA,L2T,M,NA,31800,315,NA,1200,300,28.7,22.7,10.5,NA
C501,501 Citation 1SP,CESSNA,L2J,L,NA,6000,320,NA,NA,410,14.4,13.3,4.4,NA
C510,510 Citation Mustang,CESSNA,L2J,L,NA,3500,340,NA,1300,410,13.16,12.37,4.09,NA
C551,551 Citation II SP,CESSNA,L2J,L,NA,6800,384,NA,2000,430,15.9,14.39,4.57,NA
C77R,177RG Cardinal RG,CESSNA,L1P,L,NA,1200,144,NA,480,170,10.82,8.44,2.62,NA
DH8B,Dash 8 Q200,BOMBARDIER,L2T,M,NA,16400,270,NA,1100,250,25.89,22.25,7.49,NA
E290,E190-E2,EMBRAER,L2J,M,NA,56400,NA,NA,2850,410,33.7,36.2,11,NA
E295,E195-E2,EMBRAER,L2J,M,NA,61500,NA,NA,2600,410,35.1,41.5,10.9,NA
E35L,EMB-135BJ Legacy 600,EMBRAER,L2J,M,NA,22500,NA,NA,3400,410,21.17,26.33,6.76,NA
E400,EA-400,EXTRA,L1T,L,NA,NA,NA,NA,NA,NA,11.5,9.9,3,NA
E550,EMB-550 Legacy 500,EMBRAER,L2T,M,NA,17400,466,NA,3125,450,20.25,20.74,6.44,NA
E75L,ERJ 170-200 (long wing),EMBRAER,L2J,M,NA,40370,NA,NA,2200,410,28.65,31.68,9.86,NA
E75S,ERJ 170-200 (short wing),EMBRAER,L2J,M,NA,40370,NA,NA,2200,410,26,31.68,9.86,NA
EA50,Eclipse 500,ECLIPSE,L2J,L,NA,2600,285,NA,1200,410,11.4,10.1,3.4,NA
EC25,H225 Super Puma Mk II+,AIRBUS HELICOPTERS,H2T,M,NA,11200,130,NA,250,200,16.2,19.5,4.97,NA
EC45,EC-145,AIRBUS HELICOPTERS,H2T,NA,NA,3600,135,NA,350,180,11,13.03,3.45,NA
EC55,EC-155,AIRBUS HELICOPTERS,H2T,NA,NA,4800,145,NA,515,170,12.6,14.3,4.35,NA
EC75,EC-175,AIRBUS HELICOPTERS,H2T,NA,NA,7000,153,NA,600,200,14.8,15.68,5.34,NA
EVOT,Evolution Turbine,LANCAIR,L1T,L,NA,NA,270,NA,1290,280,11,9.1,3,NA
F18H,F-18 Hornet,BOEING,L2J,M,NA,25400,495,NA,1700,500,12.3,17.1,4.7,NA
GL7T,Global 7000,BOMBARDIER,L2J,M,NA,NA,516,NA,7700,510,31.7,33.9,8.2,NA
GLF6,G650,GULFSTREAM AEROSPACE,L2J,M,NA,45200,480,NA,7000,510,30.36,30.41,7.72,NA
H53,TH-53,SIKORSKY,H2T,M,NA,19000,210,NA,475,150,21.9,28,7.6,NA
LYNX,AH-11 Super Lynx,AGUSTAWESTLAND,H2T,L,NA,5300,140,NA,335,80,12.8,15.24,3.79,NA
P210,P210 Pressurized Centurion,CESSNA,L1P,L,NA,1814,200,NA,925,230,11.2,8.59,2.92,NA
P28B,PA-28-235 Cherokee Charger,PIPER,L1P,L,NA,1360,144,NA,810,195,9.2,7.16,2.25,NA
P68,Observer,VULCANAIR,L2P,L,NA,1200,183,NA,1100,250,12,9.4,3.4,NA
PAY1,Cheyenne 1,PIPER,L2T,NA,NA,3946,261,NA,1285,280,13.01,10.57,3.89,NA
PC21,PC-21,PILATUS,L1T,L,NA,4250,370,NA,700,380,9.11,11.22,3.75,NA
PC24,PC-24,PILATUS,L2J,M,NA,8150,440,NA,2143,450,17,16.8,5.3,NA
PUMA,SA-330 Puma,AEROSPATIALE,H2T,L,NA,7400,140,NA,300,195,15,18.15,5.14,NA
Q9,MQ-9 Reaper,GENERAL ATOMICS AERONAUTICAL SYSTEMS,NA,NA,NA,NA,NA,NA,NA,NA,20,11,3.6,NA
RFAL,Rafale,DASSAULT,L2J,M,NA,24500,750,NA,950,550,10.8,15.27,5.34,NA
S92,S-92,SIKORSKY,H2T,M,NA,12000,140,NA,490,150,17.17,17.1,4.71,NA
SF50,SF-50 Vision,CIRRUS,L1J,L,NA,2727,311,NA,1275,310,11.79,9.42,3.32,NA
T6,T-6 Harvard,NORTH AMERICAN,L1P,NA,NA,2400,176,NA,590,225,12.81,8.84,3.57,NA
TB20,Trinidad,SOCATA,L1P,L,NA,1300,186,NA,1108,200,9.8,7.7,3,NA
AT8T,AIR TRACTOR AT-802,AIR TRACTOR,L1T,L,NA,7200,170,NA,690,100,18,10.9,3.8,2
BE35,BEECH 35 Bonanza,BEECH,L1P,L,NA,1200,148,NA,480,140,10,7.6,2.5,5
BE4W,BEECH 400XT Beechjet,BEECH,L2J,M,NA,7300,447,NA,2160,390,13.3,14.8,4.2,10
C195,CESSNA 195,CESSNA,L1P,L,NA,1500,148,NA,590,140,11,8.3,2.8,5
C240,CESSNA T240 Corvalis TTx,CESSNA,L1P,L,NA,1600,235,NA,1250,NA,11,7.7,2.7,4
C295,AIRBUS C-295,AIRBUS,L2T,M,NA,23200,260,NA,730,250,25.8,24.4,8.8,73
C55B,CESSNA 550B Citation Bravo,CESSNA,L2J,L,NA,6800,403,0.7,2300,350,15.9,14.3,4.5,8
C5M,LOCKHEED C-5 Super Galaxy,LOCKHEED,L4J,H,NA,381000,490,0.77,2400,NA,66.8,75.5,19.8,NA
C68A,CESSNA 680A Citation Latitude,CESSNA,L2J,M,NA,13900,368,NA,2700,NA,22,19,6.3,NA
C700,CESSNA 700 Citation Longitude,CESSNA,L2J,M,NA,17900,483,NA,3500,430,21,22.3,5.9,NA
C72R,AVIONES COLOMBIA 172RG,AVIONES COLOMBIA,L1P,L,NA,1200,140,NA,700,150,11,8.1,2.7,NA
C82S,CESSNA T182 Turbo Skylane,CESSNA,L1P,L,NA,1400,156,NA,NA,140,11,8.7,2.6,NA
COL4,CESSNA 400,CESSNA,L1P,L,NA,1500,190,NA,1380,150,11,7.6,2.7,4
DA62,DIAMOND DA-62,DIAMOND,L2P,L,NA,2300,185,NA,NA,120,14.5,9.1,2.8,7
DR30,CENTRE EST DR-315 Petit Prince,CENTRE,L1P,L,NA,800,118,NA,500,100,8.7,7.1,2.1,4
E390,EMBRAER KC-390,EMBRAER,L2J,M,NA,87000,470,NA,3140,NA,33.9,33.5,11.4,NA
FA6X,DASSAULT Falcon 6X,DASSAULT,L1P,M,NA,35100,NA,0.8,5500,NA,25.9,25.6,7.4,NA
FA8X,DASSAULT Falcon 8X,DASSAULT,L3J,M,NA,33100,370,NA,6400,450,26.3,24.4,7.9,NA
G12T,GROB G-120TP,GROB,L1T,L,NA,1600,220,NA,580,NA,10.1,8,2.5,2
GA5C,GULFSTREAM AEROSPACE G-7 Gulfstream G500,GULFSTREAM AEROSPACE,L2J,M,NA,34800,488,0.85,5000,410,26.7,28.2,7.8,19
GA6C,GULFSTREAM AEROSPACE G-7 Gulfstream G600,GULFSTREAM AEROSPACE,L2J,M,NA,41500,488,0.85,6200,410,29,29.2,7.8,19
GA7C,GULFSTREAM AEROSPACE G-8 Gulfstream G700,GULFSTREAM AEROSPACE,L2J,M,NA,48800,NA,0.85,7500,410,31.3,33.4,7.7,NA
H160,AIRBUS HELICOPTERS H-160,AIRBUS HELICOPTERS,H2T,L,NA,6000,138,NA,475,95,NA,14,4,NA
LJ75,LEARJET 75,LEARJET,L2J,M,NA,9700,432,0.75,2040,450,14,17.6,4.3,NA
M28,PZL-MIELEC M-28 Skytruck,PZL-MIELEC,L2T,L,NA,7500,165,NA,800,200,22,13.1,4.9,21
M346,AERMACCHI M-346 Master,AERMACCHI,L2J,M,NA,9500,572,NA,1070,NA,9.7,11.5,4.7,2
MF17,PAKISTAN Mushshak,PAKISTAN,L1P,L,NA,1200,112,NA,550,100,8.8,7,2.6,3
P06T,TECNAM P-2006T,TECNAM,L2P,L,NA,1200,135,NA,620,NA,11.4,8.7,2.9,4
P212,TECNAM P-2012 Traveller,TECNAM,L2P,L,NA,3400,175,NA,600,100,13.5,11.4,4,NA
P28S,AICSA PA-28R-201T Turbo Arrow 3,AICSA,L1P,L,NA,1300,172,NA,910,150,10.8,8.3,2.5,4
P28U,AICSA PA-28RT-201T Turbo Arrow 4,AICSA,L1P,L,NA,1200,170,NA,700,140,10.8,7.6,2.4,4
P8,BOEING P-8 Poseidon,BOEING,L2J,M,NA,86400,440,NA,NA,NA,37.7,39.5,12.8,9
PA30,AICSA PA-30 Twin Comanche,AICSA,L2P,L,NA,1600,168,NA,1130,140,11.2,7.6,2.5,5
Q4,NORTHROP GRUMMAN RQ-4 Global Hawk,NORTHROP GRUMMAN,L1J,M,NA,14600,310,NA,12300,NA,39.9,14.5,4.7,0
R90R,RUSCHMEYER MF-85,RUSCHMEYER,L1P,L,NA,1300,144,NA,740,120,9.5,7.9,2.7,4
RV14,VAN'S RV-14,VAN'S,L1P,L,NA,900,150,NA,900,80,8.2,6.4,2.4,2
S22T,CIRRUS SR-22T,CIRRUS,L1P,L,NA,1600,183,NA,1000,170,11.7,7.9,2.7,NA
SIRA,TECNAM P-2002 Sierra,TECNAM,L1P,L,NA,600,119,NA,NA,100,8.6,6.6,2.4,2
T206,CESSNA T206 Turbo Stationair,CESSNA,L1P,L,NA,1600,146,NA,NA,NA,11,9.2,3.1,6
T210,CESSNA T210 Turbo Centurion,CESSNA,L1P,L,NA,1800,193,NA,900,NA,11.2,8.6,2.9,6
TBM9,DAHER TBM-700N (TBM-930),DAHER,L1T,L,NA,3300,250,NA,1700,NA,12.8,10.7,4.3,6
TWEN,TECNAM P-2010 Twenty-Ten,TECNAM,L1P,L,NA,1100,133,NA,715,80,10.3,7.7,2.7,4
U2,LOCKHEED ER-2,LOCKHEED,L1J,M,NA,11000,400,NA,2500,NA,24.5,15.2,4.5,1
VF35,LOCKHEED MARTIN F-35B Lightning 2,LOCKHEED MARTIN,L1J,M,NA,29700,NA,NA,800,NA,10.6,15.6,4.6,1
VTOR,PARTENAVIA AP-68TP-600 Viator,PARTENAVIA,L2T,L,NA,2000,170,NA,NA,200,12,10.9,3.6,8
W3,PZL-SWIDNIK S-1 Procjon,PZL-SWIDNIK,H2T,L,NA,6400,121,NA,400,80,NA,14.2,5.1,12
Z43,MORAVAN Safir 43,MORAVAN,L1P,L,NA,1300,126,NA,630,100,10.1,7.5,2.9,4
